[   
  {
    "title": "C++ Basics",
    "imageSrc": "skills/cpp_basics.png"
  },
    {
      "title": "HTML",
      "imageSrc": "skills/html.png"
    },
    {
      "title": "CSS",
      "imageSrc": "skills/css.png"
    },
    {
      "title": "React",
      "imageSrc": "skills/react.png"
    },
    {
      "title": "NumPy",
      "imageSrc": "skills/numpy.png"
    },
    {
      "title": "Pandas",
      "imageSrc": "skills/pandas.png"
    },
    {
      "title": "Matplotlib",
      "imageSrc": "skills/matplotlib.png"
    },
    {
      "title": "Git",
      "imageSrc": "skills/git.png"
    },
    {
      "title": "GitHub",
      "imageSrc": "skills/github.png"
    },
    {
      "title": "AutoCAD Fusion 360",
      "imageSrc": "skills/fusion360.png"
    },
    {
      "title": "LaserCAD",
      "imageSrc": "skills/lasercad.png"
    },
    {
      "title": "LaTeX",
      "imageSrc": "skills/latex.png"
    },
    {
      "title": "Canva",
      "imageSrc": "skills/canva.png"
    }
  ,
    {
      "title": "Node",
      "imageSrc": "skills/node.png"
    },
    
    {
      "title": "MongoDB",
      "imageSrc": "skills/mongodb.png"
    },
    {
      "title": "Figma",
      "imageSrc": "skills/figma.png"
    }
  ]